-- phpMyAdmin SQL Dump
-- version 5.0.2
-- https://www.phpmyadmin.net/
--
-- Host: 127.0.0.1:3306
-- Generation Time: Jul 02, 2021 at 12:58 PM
-- Server version: 5.7.31
-- PHP Version: 7.3.21

SET SQL_MODE = "NO_AUTO_VALUE_ON_ZERO";
START TRANSACTION;
SET time_zone = "+00:00";


/*!40101 SET @OLD_CHARACTER_SET_CLIENT=@@CHARACTER_SET_CLIENT */;
/*!40101 SET @OLD_CHARACTER_SET_RESULTS=@@CHARACTER_SET_RESULTS */;
/*!40101 SET @OLD_COLLATION_CONNECTION=@@COLLATION_CONNECTION */;
/*!40101 SET NAMES utf8mb4 */;

--
-- Database: `chitor_db`
--

-- --------------------------------------------------------

--
-- Table structure for table `marks`
--

DROP TABLE IF EXISTS `marks`;
CREATE TABLE IF NOT EXISTS `marks` (
  `Serial_No` int(11) NOT NULL AUTO_INCREMENT,
  `Roll_No` int(5) NOT NULL,
  `English_Marks` int(3) NOT NULL,
  `Urdu_Marks` int(3) NOT NULL,
  `Maths_Marks` int(3) NOT NULL,
  `Science_Marks` int(3) NOT NULL,
  PRIMARY KEY (`Serial_No`),
  UNIQUE KEY `forign` (`Roll_No`)
) ENGINE=InnoDB AUTO_INCREMENT=342 DEFAULT CHARSET=latin1;

--
-- Dumping data for table `marks`
--

INSERT INTO `marks` (`Serial_No`, `Roll_No`, `English_Marks`, `Urdu_Marks`, `Maths_Marks`, `Science_Marks`) VALUES
(1, 181, 23, 36, 45, 46),
(2, 182, 32, 39, 43, 74),
(3, 183, 33, 51, 52, 48),
(4, 184, 40, 30, 35, 48),
(5, 185, 32, 24, 42, 40),
(7, 186, 28, 33, 38, 36),
(8, 187, 19, 31, 45, 39),
(9, 188, 48, 44, 42, 71),
(10, 189, 36, 42, 46, 62),
(11, 190, 42, 62, 46, 69),
(12, 191, 56, 68, 88, 56),
(13, 192, 43, 39, 53, 53),
(14, 193, 53, 50, 58, 63),
(15, 194, 54, 44, 59, 63),
(16, 195, 44, 66, 47, 77),
(17, 196, 46, 68, 49, 71),
(18, 197, 45, 21, 55, 62),
(19, 198, 44, 51, 46, 50),
(20, 199, 31, 39, 43, 52),
(21, 200, 33, 54, 45, 60),
(22, 201, 28, 29, 47, 54),
(23, 202, 38, 51, 59, 76),
(24, 203, 52, 86, 56, 88),
(25, 204, 36, 60, 51, 44),
(26, 205, 55, 89, 58, 89),
(27, 206, 39, 82, 43, 64),
(28, 207, 57, 95, 62, 84),
(29, 208, 46, 54, 52, 68),
(30, 209, 38, 77, 51, 56),
(31, 210, 42, 35, 40, 49),
(32, 211, 37, 53, 36, 62),
(33, 212, 44, 70, 41, 74),
(34, 213, 36, 54, 36, 84),
(35, 214, 57, 85, 76, 96),
(36, 215, 36, 51, 42, 42),
(37, 216, 38, 54, 38, 69),
(38, 217, 35, 56, 40, 56),
(39, 218, 43, 57, 40, 84),
(40, 219, 51, 54, 46, 51),
(41, 220, 18, 63, 48, 65),
(42, 221, 33, 34, 34, 34),
(43, 101, 43, 11, 72, 46),
(46, 102, 33, 12, 68, 34),
(47, 103, 43, 21, 58, 46),
(48, 104, 38, 17, 41, 54),
(49, 105, 33, 17, 26, 30),
(50, 106, 27, 32, 64, 52),
(51, 107, 43, 25, 96, 34),
(52, 108, 48, 27, 82, 74),
(53, 109, 33, 21, 44, 25),
(54, 110, 46, 14, 33, 36),
(55, 111, 42, 12, 44, 20),
(56, 112, 74, 43, 82, 72),
(57, 113, 90, 33, 45, 68),
(58, 114, 66, 43, 38, 58),
(59, 115, 40, 28, 75, 58),
(60, 116, 66, 37, 64, 62),
(61, 117, 20, 12, 42, 42),
(62, 118, 49, 17, 49, 50),
(63, 119, 20, 9, 34, 33),
(64, 120, 87, 39, 80, 76),
(65, 121, 67, 41, 79, 48),
(66, 122, 48, 38, 49, 60),
(67, 123, 54, 27, 67, 52),
(68, 124, 16, 26, 32, 45),
(69, 125, 31, 13, 26, 30),
(70, 126, 12, 17, 32, 16),
(71, 127, 36, 22, 32, 36),
(72, 128, 52, 24, 36, 52),
(73, 129, 26, 25, 34, 30),
(74, 130, 30, 31, 30, 30),
(75, 131, 25, 18, 28, 40),
(76, 991, 16, 33, 24, 8),
(78, 992, 10, 20, 33, 18),
(81, 993, 16, 21, 33, 14),
(82, 994, 12, 66, 18, 8),
(83, 995, 26, 40, 38, 4),
(84, 996, 35, 22, 30, 16),
(85, 997, 20, 17, 33, 14),
(86, 998, 14, 23, 25, 14),
(87, 999, 18, 26, 16, 8),
(88, 9910, 3, 18, 6, 10),
(89, 9911, 50, 51, 35, 18),
(90, 9912, 30, 28, 33, 14),
(91, 9913, 30, 34, 28, 16),
(92, 9914, 40, 33, 26, 10),
(93, 9915, 28, 29, 30, 16),
(94, 9916, 52, 60, 38, 36),
(95, 9917, 38, 35, 28, 21),
(96, 9918, 48, 72, 83, 20),
(97, 9919, 38, 30, 36, 12),
(98, 9920, 30, 20, 27, 14),
(99, 9921, 30, 20, 10, 20),
(100, 9922, 24, 46, 16, 14),
(101, 9923, 42, 23, 37, 20),
(102, 9924, 36, 19, 45, 24),
(103, 9925, 34, 63, 25, 35),
(104, 9926, 30, 14, 47, 34),
(105, 9927, 38, 42, 57, 14),
(106, 9928, 23, 35, 22, 26),
(107, 9929, 33, 38, 34, 45),
(108, 9930, 6, 82, 45, 17),
(109, 9931, 20, 25, 34, 12),
(110, 9932, 42, 69, 40, 12),
(111, 9933, 40, 37, 8, 35),
(112, 9934, 38, 52, 33, 36),
(113, 150, 36, 33, 72, 48),
(114, 151, 39, 26, 24, 34),
(115, 152, 31, 23, 33, 44),
(116, 153, 24, 21, 33, 29),
(117, 154, 33, 24, 34, 33),
(118, 155, 51, 33, 75, 48),
(120, 157, 24, 19, 36, 33),
(121, 158, 26, 14, 36, 50),
(122, 159, 54, 66, 58, 65),
(123, 160, 43, 17, 34, 34),
(124, 161, 18, 16, 25, 44),
(125, 162, 35, 33, 36, 50),
(126, 163, 18, 23, 33, 40),
(127, 164, 0, 0, 0, 2),
(128, 165, 2, 15, 15, 4),
(129, 166, 18, 33, 38, 33),
(130, 167, 42, 28, 26, 36),
(131, 168, 39, 33, 36, 22),
(132, 169, 35, 24, 54, 34),
(133, 170, 81, 65, 74, 84),
(134, 171, 68, 65, 72, 78),
(135, 172, 55, 46, 42, 33),
(136, 173, 62, 33, 48, 54),
(137, 174, 20, 20, 40, 8),
(138, 175, 50, 15, 38, 18),
(139, 176, 24, 0, 33, 22),
(140, 177, 46, 35, 40, 40),
(141, 178, 0, 20, 12, 10),
(142, 179, 12, 43, 51, 30),
(143, 180, 70, 62, 53, 34),
(144, 250, 35, 36, 31, 56),
(145, 251, 72, 60, 40, 45),
(146, 252, 38, 43, 48, 38),
(147, 253, 41, 40, 48, 48),
(148, 254, 56, 62, 48, 63),
(149, 255, 46, 33, 77, 59),
(150, 256, 42, 40, 38, 10),
(151, 257, 43, 40, 42, 50),
(152, 258, 47, 54, 71, 48),
(153, 259, 35, 45, 52, 54),
(154, 260, 21, 12, 38, 36),
(155, 261, 53, 44, 60, 40),
(156, 262, 44, 50, 45, 44),
(157, 263, 38, 50, 43, 51),
(158, 264, 43, 33, 33, 20),
(159, 265, 48, 28, 24, 27),
(160, 266, 54, 28, 34, 75),
(161, 267, 72, 75, 64, 67),
(162, 268, 49, 60, 47, 33),
(163, 269, 54, 28, 40, 32),
(164, 270, 62, 75, 39, 57),
(165, 271, 44, 63, 61, 48),
(166, 272, 34, 41, 20, 35),
(167, 273, 55, 50, 52, 38),
(168, 274, 57, 68, 26, 62),
(169, 301, 39, 6, 5, 36),
(172, 302, 34, 42, 38, 34),
(173, 303, 26, 29, 23, 41),
(174, 304, 55, 50, 30, 60),
(175, 305, 48, 50, 57, 48),
(176, 306, 54, 84, 54, 82),
(177, 307, 40, 36, 35, 44),
(178, 308, 35, 36, 18, 36),
(179, 309, 57, 52, 59, 80),
(180, 310, 41, 62, 54, 76),
(181, 311, 58, 81, 54, 90),
(182, 312, 44, 58, 26, 22),
(183, 313, 27, 69, 39, 16),
(184, 314, 38, 64, 33, 54),
(185, 315, 44, 36, 52, 78),
(186, 316, 48, 10, 52, 70),
(187, 318, 33, 29, 16, 58),
(188, 319, 50, 61, 49, 84),
(189, 320, 33, 42, 44, 74),
(190, 321, 39, 63, 19, 56),
(191, 322, 55, 56, 27, 76),
(192, 323, 42, 33, 34, 40),
(193, 324, 40, 18, 25, 60),
(194, 325, 54, 51, 22, 34),
(195, 326, 46, 48, 15, 52),
(196, 156, 28, 12, 38, 44),
(197, 981, 16, 30, 22, 33),
(198, 982, 28, 33, 38, 39),
(199, 983, 12, 36, 35, 37),
(200, 984, 38, 28, 34, 61),
(201, 985, 14, 11, 6, 56),
(202, 986, 10, 14, 26, 32),
(203, 987, 22, 28, 34, 38),
(204, 988, 33, 41, 47, 39),
(205, 989, 33, 33, 38, 33),
(207, 9810, 21, 40, 26, 41),
(208, 9811, 20, 44, 28, 29),
(209, 9812, 24, 35, 21, 42),
(210, 9813, 37, 35, 35, 35),
(211, 9814, 8, 3, 19, 19),
(212, 9815, 13, 37, 36, 43),
(213, 9816, 34, 68, 42, 35),
(214, 9817, 20, 16, 18, 22),
(215, 9818, 14, 26, 12, 27),
(216, 9819, 12, 13, 33, 30),
(217, 9820, 22, 38, 31, 19),
(218, 9821, 13, 17, 19, 21),
(219, 9822, 16, 17, 34, 24),
(220, 9823, 18, 51, 23, 37),
(221, 9824, 26, 12, 15, 22),
(222, 9825, 10, 19, 27, 29),
(223, 9826, 21, 34, 39, 37),
(224, 9827, 18, 23, 16, 33),
(225, 9828, 36, 21, 17, 33),
(226, 9829, 24, 15, 32, 37),
(227, 9830, 44, 53, 40, 39),
(228, 9831, 34, 51, 44, 42),
(229, 9832, 24, 39, 35, 39),
(230, 9833, 34, 33, 28, 33),
(231, 9834, 44, 71, 28, 35),
(232, 9835, 33, 44, 38, 35),
(233, 9836, 36, 24, 36, 35),
(234, 9837, 37, 25, 25, 37),
(237, 9839, 34, 44, 36, 38),
(238, 9840, 41, 42, 27, 41),
(239, 9841, 28, 34, 36, 47),
(240, 9842, 34, 37, 37, 30),
(241, 9843, 50, 51, 57, 52),
(242, 9844, 36, 40, 33, 58),
(243, 9845, 38, 36, 56, 41),
(244, 9846, 32, 58, 30, 46),
(245, 9847, 28, 46, 40, 53),
(246, 9848, 38, 37, 21, 62),
(247, 3425, 46, 34, 44, 38),
(248, 3426, 33, 21, 25, 43),
(249, 3619, 6, 18, 4, 21),
(250, 3571, 34, 33, 33, 34),
(253, 1862, 36, 38, 42, 45),
(257, 1927, 43, 19, 33, 31),
(259, 1924, 21, 8, 30, 51),
(260, 3303, 0, 0, 2, 2),
(261, 3452, 48, 40, 42, 79),
(262, 3451, 12, 16, 29, 75),
(263, 3453, 36, 33, 67, 46),
(264, 1944, 21, 4, 22, 29),
(265, 3507, 17, 33, 19, 45),
(266, 3521, 38, 38, 41, 80),
(267, 1974, 17, 7, 30, 34),
(268, 3523, 50, 58, 62, 44),
(269, 1845, 27, 8, 34, 31),
(271, 3531, 45, 51, 74, 93),
(272, 1914, 27, 45, 35, 86),
(273, 3532, 45, 50, 62, 64),
(274, 2084, 26, 13, 27, 49),
(275, 3535, 41, 33, 40, 86),
(276, 2130, 8, 13, 33, 26),
(277, 3536, 34, 18, 38, 51),
(278, 2145, 46, 43, 23, 40),
(279, 3537, 25, 39, 20, 46),
(280, 1897, 41, 46, 60, 79),
(281, 3543, 68, 50, 65, 43),
(282, 1903, 33, 33, 26, 28),
(283, 3546, 61, 46, 39, 80),
(284, 3547, 31, 22, 23, 56),
(285, 1870, 42, 27, 40, 42),
(286, 9838, 34, 56, 38, 58),
(287, 3552, 24, 26, 30, 42),
(288, 1954, 30, 30, 27, 44),
(290, 3577, 29, 33, 25, 31),
(291, 1955, 27, 29, 27, 32),
(292, 3578, 84, 35, 22, 36),
(293, 1956, 38, 27, 34, 42),
(294, 3581, 52, 37, 33, 84),
(295, 1967, 28, 22, 36, 45),
(296, 3585, 57, 39, 22, 39),
(297, 3590, 23, 18, 13, 39),
(298, 1976, 33, 16, 41, 36),
(299, 3708, 85, 56, 39, 86),
(300, 1996, 43, 50, 36, 66),
(301, 3723, 70, 39, 45, 78),
(302, 1994, 24, 27, 40, 20),
(303, 3728, 85, 82, 74, 100),
(304, 1872, 45, 49, 41, 69),
(305, 3782, 33, 50, 61, 75),
(306, 1912, 59, 54, 52, 68),
(307, 3783, 7, 0, 5, 33),
(308, 1909, 53, 54, 48, 76),
(309, 3854, 20, 20, 28, 35),
(310, 1950, 53, 62, 35, 73),
(311, 3848, 25, 17, 17, 33),
(312, 1958, 41, 54, 35, 53),
(313, 1959, 58, 72, 40, 78),
(314, 1960, 24, 63, 41, 57),
(315, 1989, 35, 58, 34, 69),
(316, 1993, 52, 62, 33, 52),
(317, 1997, 38, 63, 77, 69),
(318, 2156, 28, 18, 33, 42),
(319, 2164, 31, 33, 32, 38),
(320, 2217, 41, 62, 85, 98),
(321, 2280, 33, 61, 36, 67),
(322, 9849, 54, 54, 64, 65),
(323, 9850, 38, 35, 21, 56),
(324, 9851, 32, 20, 36, 31),
(325, 9852, 32, 63, 40, 47),
(326, 9853, 33, 35, 48, 68),
(327, 9854, 38, 48, 43, 55),
(328, 9855, 33, 40, 55, 30),
(329, 9856, 38, 37, 49, 47),
(330, 9857, 14, 11, 60, 0),
(331, 9858, 43, 35, 53, 50),
(332, 9859, 33, 22, 45, 38),
(333, 9860, 33, 33, 50, 38),
(334, 9861, 42, 42, 55, 67),
(335, 9862, 38, 41, 45, 72),
(336, 9863, 40, 26, 50, 35),
(337, 9864, 38, 17, 52, 50),
(338, 9865, 33, 37, 27, 59),
(339, 9866, 24, 26, 39, 50),
(340, 9867, 38, 30, 34, 26),
(341, 317, 20, 44, 16, 14);

-- --------------------------------------------------------

--
-- Table structure for table `position`
--

DROP TABLE IF EXISTS `position`;
CREATE TABLE IF NOT EXISTS `position` (
  `Serial_No` int(11) NOT NULL AUTO_INCREMENT,
  `Roll_No` int(11) NOT NULL,
  `Total_Marks` int(11) NOT NULL,
  PRIMARY KEY (`Serial_No`),
  UNIQUE KEY `po` (`Roll_No`)
) ENGINE=MyISAM AUTO_INCREMENT=187 DEFAULT CHARSET=latin1;

--
-- Dumping data for table `position`
--

INSERT INTO `position` (`Serial_No`, `Roll_No`, `Total_Marks`) VALUES
(156, 101, 172),
(157, 102, 147),
(158, 103, 168),
(159, 104, 150),
(160, 105, 106),
(161, 106, 175),
(162, 107, 198),
(163, 108, 231),
(164, 109, 123),
(165, 110, 129),
(166, 111, 118),
(167, 112, 271),
(168, 113, 236),
(169, 114, 205),
(170, 115, 201),
(171, 116, 229),
(172, 117, 116),
(173, 118, 165),
(174, 119, 96),
(175, 120, 282),
(176, 121, 235),
(177, 122, 195),
(178, 123, 200),
(179, 124, 119),
(180, 125, 100),
(181, 126, 77),
(182, 127, 126),
(183, 128, 164),
(184, 129, 115),
(185, 130, 121),
(186, 131, 111);

-- --------------------------------------------------------

--
-- Table structure for table `students_info`
--

DROP TABLE IF EXISTS `students_info`;
CREATE TABLE IF NOT EXISTS `students_info` (
  `Roll_No` int(11) NOT NULL,
  `Name` varchar(100) NOT NULL,
  `FName` varchar(100) NOT NULL,
  `School` varchar(200) NOT NULL DEFAULT 'GHSS CHITOR',
  `Class` enum('5th','6th A','6th B','7th','8th A','8th B','8th') NOT NULL,
  `Class_Position` varchar(20) DEFAULT NULL,
  `year` year(4) NOT NULL,
  PRIMARY KEY (`Roll_No`)
) ENGINE=InnoDB DEFAULT CHARSET=latin1;

--
-- Dumping data for table `students_info`
--

INSERT INTO `students_info` (`Roll_No`, `Name`, `FName`, `School`, `Class`, `Class_Position`, `year`) VALUES
(101, 'Arshad Ali', 'Amjad khan', 'GHSS Chitor', '6th A', ' 13 th out of 31', 2021),
(102, 'Muhammad Salman', 'Bakht Rawan', 'GHSS Chitor', '6th A', ' 18 th out of 31', 2021),
(103, 'Wajid Ali', 'Rozi Khan', 'GHSS Chitor', '6th A', ' 14 th out of 31', 2021),
(104, 'Sanullah', 'Iqbal Zarin', 'GHSS Chitor', '6th A', ' 17 th out of 31', 2021),
(105, 'Sultan Ali', 'Bakht Rawan', 'GHSS Chitor', '6th A', ' 28 th out of 31', 2021),
(106, 'Haroon Khan', 'Fateh Khan', 'GHSS Chitor', '6th A', ' 12 th out of 31', 2021),
(107, 'Abu Bakar', 'Muhammad Ali', 'GHSS Chitor', '6th A', ' 10 th out of 31', 2021),
(108, 'Altaf Hussain', 'Shah Hussain', 'GHSS Chitor', '6th A', ' 5 th out of 31', 2021),
(109, 'Muhammad Karim', 'Abdul Karim', 'GHSS Chitor', '6th A', ' 21 th out of 31', 2021),
(110, 'Adnan Khan', 'Aziz Khan', 'GHSS Chitor', '6th A', ' 19 th out of 31', 2021),
(111, 'Sadiq Ur Rahman', 'Fazal Rahman', 'GHSS Chitor', '6th A', ' 24 th out of 31', 2021),
(112, 'Muhsin Ali', 'Ibrahim', 'GHSS Chitor', '6th A', '2nd out of 31', 2021),
(113, 'Sanaullah', 'Shah Wazir Khan', 'GHSS Chitor', '6th A', '3rd out of 31', 2021),
(114, 'Muhammad Sadiq', 'Fazal Wahid', 'GHSS Chitor', '6th A', ' 7 th out of 31', 2021),
(115, 'Muhammad Ismail', 'Bakht Rawan', 'GHSS Chitor', '6th A', ' 8 th out of 31', 2021),
(116, 'Ihsan Ullah', 'Bakhti Rawan', 'GHSS Chitor', '6th A', ' 6 th out of 31', 2021),
(117, 'Sardan Hussain', 'Iqbal Hussain', 'GHSS Chitor', '6th A', ' 25 th out of 31', 2021),
(118, 'Khalil Ur Rahman', 'Said Basheer', 'GHSS Chitor', '6th A', ' 15 th out of 31', 2021),
(119, 'Ihsan Ullah ', 'Amir Gulab', 'GHSS Chitor', '6th A', ' 30 th out of 31', 2021),
(120, 'Muhammad Mahran', 'Rahmat Ullah', 'GHSS Chitor', '6th A', '1st out of 31', 2021),
(121, 'Umar Khitab', 'Fazal Mola', 'GHSS Chitor', '6th A', ' 4 th out of 31', 2021),
(122, 'Sher Bacha', 'Dost Muhammad Khan', 'GHSS Chitor', '6th A', ' 11 th out of 31', 2021),
(123, 'Shakeel', 'Barkat Ali', 'GHSS Chitor', '6th A', ' 9 th out of 31', 2021),
(124, 'Abu Bakar ', 'Amin Gul', 'GHSS Chitor', '6th A', ' 23 th out of 31', 2021),
(125, 'Hasnain Hamid', 'Hamid Ullah', 'GHSS Chitor', '6th A', ' 29 th out of 31', 2021),
(126, 'Farhan Ali', 'Aslam Khan', 'GHSS Chitor', '6th A', ' 31 th out of 31', 2021),
(127, 'Hazrat Ullah', 'Pardil Khan', 'GHSS Chitor', '6th A', ' 20 th out of 31', 2021),
(128, 'Shafiullah', 'Ali Rahman', 'GHSS Chitor', '6th A', ' 16 th out of 31', 2021),
(129, 'Asim Khan', 'Hayat Khan', 'GHSS Chitor', '6th A', ' 26 th out of 31', 2021),
(130, 'Tauseef Khan', 'Hayat Khan', 'GHSS Chitor', '6th A', ' 22 th out of 31', 2021),
(131, 'Usman Ghani', 'Said Khan', 'GHSS Chitor', '6th A', ' 27 th out of 31', 2021),
(150, 'Muhammad Ismail', 'Muhammad Ishaq', 'GHSS Chitor', '6th B', ' 7 th out of 31', 2021),
(151, 'Muhammad Maaz', 'Khan Bahadar', 'GHSS Chitor', '6th B', ' 19 th out of 31', 2021),
(152, 'Fawad Khan', 'Sher Zada', 'GHSS Chitor', '6th B', ' 14 th out of 31', 2021),
(153, 'Muhammad Bilal', '', 'GHSS Chitor', '6th B', ' 25 th out of 31', 2021),
(154, 'Anwar Khan', '', 'GHSS Chitor', '6th B', ' 18 th out of 31', 2021),
(155, 'Muhammad Said', '', 'GHSS Chitor', '6th B', ' 5 th out of 31', 2021),
(156, 'Hazrat Bilal', '', 'GHSS Chitor', '6th B', ' 20 th out of 31', 2021),
(157, 'Abdur Rahman', '', 'GHSS Chitor', '6th B', ' 24 th out of 31', 2021),
(158, 'Muhammad Shahid', '', 'GHSS Chitor', '6th B', ' 17 th out of 31', 2021),
(159, 'Shah Fayaz', '', 'GHSS Chitor', '6th B', '3rd out of 31', 2021),
(160, 'Irfan ullah', '', 'GHSS Chitor', '6th B', ' 16 th out of 31', 2021),
(161, 'Muhammad Maaz', 'Khan Bahadar', 'GHSS Chitor', '6th B', ' 26 th out of 31', 2021),
(162, 'Muhammad Zahid', '', 'GHSS Chitor', '6th B', ' 10 th out of 31', 2021),
(163, 'Muhammad Shoaib', '', 'GHSS Chitor', '6th B', ' 23 th out of 31', 2021),
(164, 'Maaz Khan', '', 'GHSS Chitor', '6th B', ' 31 th out of 31', 2021),
(165, 'Shafiullah', '', 'GHSS Chitor', '6th B', ' 30 th out of 31', 2021),
(166, 'Shoaib Akhtar', '', 'GHSS Chitor', '6th B', ' 21 th out of 31', 2021),
(167, 'Muhammad Shoaib ', 'Umar Wahab', 'GHSS Chitor', '6th B', ' 13 th out of 31', 2021),
(168, 'Muhammad Talha', '', 'GHSS Chitor', '6th B', ' 15 th out of 31', 2021),
(169, 'Aziz Ullah', '', 'GHSS Chitor', '6th B', ' 11 th out of 31', 2021),
(170, 'Ahmad Hussain', '', 'GHSS Chitor', '6th B', '1st out of 31', 2021),
(171, 'Nayab Hussain', '', 'GHSS Chitor', '6th B', '2nd out of 31', 2021),
(172, 'Muhammad Hamza', '', 'GHSS Chitor', '6th B', ' 8 th out of 31', 2021),
(173, 'Rahman Ali', '', 'GHSS Chitor', '6th B', ' 6 th out of 31', 2021),
(174, 'Mustafa Khan', '', 'GHSS Chitor', '6th B', ' 27 th out of 31', 2021),
(175, 'Nasar Ali', '', 'GHSS Chitor', '6th B', ' 22 th out of 31', 2021),
(176, 'Liaqat Ali', '', 'GHSS Chitor', '6th B', ' 28 th out of 31', 2021),
(177, 'Islam Ul Haq', '', 'GHSS Chitor', '6th B', ' 9 th out of 31', 2021),
(178, 'Muhammad Asghar Khan', '', 'GHSS Chitor', '6th B', ' 29 th out of 31', 2021),
(179, 'Sabir Shah', '', 'GHSS Chitor', '6th B', ' 12 th out of 31', 2021),
(180, 'Hazrat Ali', '', 'GHSS Chitor', '6th B', ' 4 th out of 31', 2021),
(181, 'Shah Faisal', 'Ibrahim', 'GHSS Chitor', '7th', NULL, 2021),
(182, 'Muhammad Imran', 'Khan Zada', 'GHSS Chitor', '7th', NULL, 2021),
(183, 'Wajid Ali', 'Hakim Zada', 'GHSS Chitor', '7th', NULL, 2021),
(184, 'Samiullah', 'Said Muhammad', 'GHSS Chitor', '7th', NULL, 2021),
(185, 'Abu Bakar', 'Irfan Khan', 'GHSS Chitor', '7th', NULL, 2021),
(186, 'Ali Said', 'Jahanzeb', 'GHSS Chitor', '7th', NULL, 2021),
(187, 'Inam Ullah', 'Muhammad Jan', 'GHSS Chitor', '7th', NULL, 2021),
(188, 'Muhammad Shoaib', 'Qadar Gul', 'GHSS Chitor', '7th', NULL, 2021),
(189, 'Atta ur Rahman', 'Bakht Rahman', 'GHSS Chitor', '7th', NULL, 2021),
(190, 'Jameel Khan', 'Bakht Farid Khan', 'GHSS Chitor', '7th', NULL, 2021),
(191, 'Ikram ullah', 'Amir Nowshad', 'GHSS Chitor', '7th', NULL, 2021),
(192, 'Ilyas Khan', 'Nawab Khan', 'GHSS Chitor', '7th', NULL, 2021),
(193, 'Abdullah', 'Abdul Zahir', 'GHSS Chitor', '7th', NULL, 2021),
(194, 'Rahmat Ali', 'Gul Zarin', 'GHSS Chitor', '7th', NULL, 2021),
(195, 'Hazrat Maaz', 'Fazal Ghani', 'GHSS Chitor', '7th', NULL, 2021),
(196, 'Muhammad Majid', 'Rahmat Ullah', 'GHSS Chitor', '7th', NULL, 2021),
(197, 'Hazrat Ali', 'Izat Muhammad', 'GHSS Chitor', '7th', NULL, 2021),
(198, 'Muhammad Ayaz', 'Bakhti Gul', 'GHSS Chitor', '7th', NULL, 2021),
(199, 'Hamza Hussain', 'Bakht Hussain', 'GHSS Chitor', '7th', NULL, 2021),
(200, 'Awais Jan', 'Rahmat Jan', 'GHSS Chitor', '7th', NULL, 2021),
(201, 'Ubaid Ullah', '', 'GHSS Chitor', '7th', NULL, 2021),
(202, 'Abu Bakar', 'Amir Haidar', 'GHSS Chitor', '7th', NULL, 2021),
(203, 'Said Muhammad Waqas', 'Taj Malook', 'GHSS Chitor', '7th', NULL, 2021),
(204, 'Aftab Ali', 'Shah Bali Khan', 'GHSS Chitor', '7th', NULL, 2021),
(205, 'Muhammad Yaseen', 'Behram Khan', 'GHSS Chitor', '7th', NULL, 2021),
(206, 'Izhar Khan', 'Ayub Khan', 'GHSS Chitor', '7th', NULL, 2021),
(207, 'Muhammad Rizwan', 'Aqal Zeb', 'GHSS Chitor', '7th', NULL, 2021),
(208, 'Imran Ali', 'Gul bar Khan', 'GHSS Chitor', '7th', NULL, 2021),
(209, 'Hussain Ali', 'Umar Gul', 'GHSS Chitor', '7th', NULL, 2021),
(210, 'Barkat Ali', 'Umar', 'GHSS Chitor', '7th', NULL, 2021),
(211, 'Abu Bakar Sadiq', 'Shawkat Ali', 'GHSS Chitor', '7th', NULL, 2021),
(212, 'Imtaiz Khan', 'Bakht Nazir', 'GHSS Chitor', '7th', NULL, 2021),
(213, 'Zohaib Khan', 'Bakht Nazir', 'GHSS Chitor', '7th', NULL, 2021),
(214, 'Muhammad Hasnain', 'Muhammad Tokal', 'GHSS Chitor', '7th', NULL, 2021),
(215, 'Inam Ullah', 'Umar Rahman', 'GHSS Chitor', '7th', NULL, 2021),
(216, 'Abdur Rahman', 'Ali Rahman', 'GHSS Chitor', '7th', NULL, 2021),
(217, 'Inam Ullah', 'Amir Rahman', 'GHSS Chitor', '7th', NULL, 2021),
(218, 'Muhammad Sadiq', 'Aman Ullah', 'GHSS Chitor', '7th', NULL, 2021),
(219, 'Irfan Ullah', 'Bahroz Khan', 'GHSS Chitor', '7th', NULL, 2021),
(220, 'Muhammad Hussain', 'Muhammad Tokal', 'GHSS Chitor', '7th', NULL, 2021),
(221, 'Muhammad Ibrahim', 'Amir Subhan', 'GHSS Chitor', '7th', NULL, 2021),
(250, 'Zeeshan khan', '', 'GHSS Chitor', '8th A', NULL, 2021),
(251, 'Hasan khan', '', 'GHSS Chitor', '8th A', NULL, 2021),
(252, 'Irfan ullah', '', 'GHSS Chitor', '8th A', NULL, 2021),
(253, 'Kamran khan', '', 'GHSS Chitor', '8th A', NULL, 2021),
(254, 'sana Ullah', '', 'GHSS Chitor', '8th A', NULL, 2021),
(255, 'Abbas khan', '', 'GHSS Chitor', '8th A', NULL, 2021),
(256, 'Ro khan', '', 'GHSS Chitor', '8th A', NULL, 2021),
(257, 'Najeeb Ullah', '', 'GHSS Chitor', '8th A', NULL, 2021),
(258, 'Jawad Ali', '', 'GHSS Chitor', '8th A', NULL, 2021),
(259, 'Maaz khan', '', 'GHSS Chitor', '8th A', NULL, 2021),
(260, 'Israr Ali', '', 'GHSS Chitor', '8th A', NULL, 2021),
(261, 'Shahid Ullah Badshah', '', 'GHSS Chitor', '8th A', NULL, 2021),
(262, 'Hassan khan', '', 'GHSS Chitor', '8th A', NULL, 2021),
(263, 'fayaz khan', '', 'GHSS Chitor', '8th A', NULL, 2021),
(264, 'sami ullah', '', 'GHSS Chitor', '8th A', NULL, 2021),
(265, 'Shahid khan', '', 'GHSS Chitor', '8th A', NULL, 2021),
(266, 'Rahmat Ali', '', 'GHSS Chitor', '8th A', NULL, 2021),
(267, 'Muhammad Ibrahim', '', 'GHSS Chitor', '8th A', NULL, 2021),
(268, 'Sher Rahman', '', 'GHSS Chitor', '8th A', NULL, 2021),
(269, 'Mustafa khan', '', 'GHSS Chitor', '8th A', NULL, 2021),
(270, 'Mushtaq haider', '', 'GHSS Chitor', '8th A', NULL, 2021),
(271, 'jawad Ali', '', 'GHSS Chitor', '8th A', NULL, 2021),
(272, 'Hazrat Bilal', '', 'GHSS Chitor', '8th A', NULL, 2021),
(273, 'Anwar said', '', 'GHSS Chitor', '8th A', NULL, 2021),
(274, 'Muhammad Ismail', '', 'GHSS Chitor', '8th A', NULL, 2021),
(301, 'Muhammad Yaseen', '', 'GHSS Chitor', '8th B', NULL, 2021),
(302, 'Inam Ullah', '', 'GHSS Chitor', '8th B', NULL, 2021),
(303, 'Mubeen Khan', '', 'GHSS Chitor', '8th B', NULL, 2021),
(304, 'Mian Said Khalil Ullah', '', 'GHSS Chitor', '8th B', NULL, 2021),
(305, 'Rahmat Ali', '', 'GHSS Chitor', '8th B', NULL, 2021),
(306, 'Zahid Ali', '', 'GHSS Chitor', '8th B', NULL, 2021),
(307, 'Muhammad Suliman', '', 'GHSS Chitor', '8th B', NULL, 2021),
(308, 'Abdur Rahman', 'Habib Ur Rahman', 'GHSS Chitor', '8th B', NULL, 2021),
(309, 'Hazrat Yousaf', '', 'GHSS Chitor', '8th B', NULL, 2021),
(310, 'Abdullah', '', 'GHSS Chitor', '8th B', NULL, 2021),
(311, 'Zia Hussain', '', 'GHSS Chitor', '8th B', NULL, 2021),
(312, 'Shafi Ullah', '', 'GHSS Chitor', '8th B', NULL, 2021),
(313, 'Faisal Khan', '', 'GHSS Chitor', '8th B', NULL, 2021),
(314, 'Muhmmmad Abdullah', '', 'GHSS Chitor', '8th B', NULL, 2021),
(315, 'Shah Fahad', '', 'GHSS Chitor', '8th B', NULL, 2021),
(316, 'Sultan  Zareen', '', 'GHSS Chitor', '8th B', NULL, 2021),
(317, 'Sajawal Khan', '', 'GHSS Chitor', '8th B', NULL, 2021),
(318, 'Abdur Rahman\r\n', '', 'GHSS Chitor', '8th B', NULL, 2021),
(319, 'Abdullah', '', 'GHSS Chitor', '8th B', NULL, 2021),
(320, 'Ihtesham Ul Haq', '', 'GHSS Chitor', '8th B', NULL, 2021),
(321, 'Muhammad Mustafa', '', 'GHSS Chitor', '8th B', NULL, 2021),
(322, 'Muhsin Haider', '', 'GHSS Chitor', '8th B', NULL, 2021),
(323, 'Husan Wahab', '', 'GHSS Chitor', '8th B', NULL, 2021),
(324, 'Najeeb Ullah', '', 'GHSS Chitor', '8th B', NULL, 2021),
(325, 'Riaz Ahmad', '', 'GHSS Chitor', '8th B', NULL, 2021),
(326, 'Sana Ullah', '', 'GHSS Chitor', '8th B', NULL, 2021),
(981, 'Ali  Bahadar', 'Sher Bahadar', 'GMS Spal Bandai', '8th', NULL, 2021),
(982, 'Abdullah', 'Habib Gul', 'GMS Spal Bandai', '8th', NULL, 2021),
(983, 'Muhammad Kamran', 'Amin Khan', 'GMS Spal Bandai', '8th', NULL, 2021),
(984, 'Irfan Ullah', 'Azeem Khan', 'GMS Spal Bandai', '8th', NULL, 2021),
(985, 'Hayat Khan', 'Hajat Khan', 'GMS Spal Bandai', '8th', NULL, 2021),
(986, 'Jehan Zeb', 'Bawar Khan', 'GMS Spal Bandai', '8th', NULL, 2021),
(987, 'Faisal Khan', 'Mahmood Khan', 'GMS Spal Bandai', '8th', NULL, 2021),
(988, 'Rafiq Hassan ', 'Nasar Ali', 'GMS Spal Bandai', '8th', NULL, 2021),
(989, 'Masal Khan', 'Sherin Zada', 'GMS Spal Bandai', '8th', NULL, 2021),
(991, 'Umar Hayat', 'Umar Wahid', 'GMS Marghazar', '8th', NULL, 2021),
(992, 'Midrarullah', 'Rahmat Ali', 'GMS', '8th', NULL, 2021),
(993, 'Attaullah', 'Adalat Khan', 'GMS Marghazar', '8th', NULL, 2021),
(994, 'Roohullah', 'Pir Muhammad', 'GMS Marghazar', '8th', NULL, 2021),
(995, 'Ikramullah', 'Aqal Zada', 'GMS Marghazar', '8th', NULL, 2021),
(996, 'Zeeshan Ali', 'Akhtar Ali', 'GMS Marghazar', '8th', NULL, 2021),
(997, 'Muhammad Hussain', 'Shah Faisal', 'GMS Marghazar', '8th', NULL, 2021),
(998, 'Yasir ullah', 'Mani Rahim', 'GMS Marghazar', '8th', NULL, 2021),
(999, 'Umar Rahim', 'Gul Rashid', 'GMS Marghazar', '8th', NULL, 2021),
(1845, 'Fawad Ali', 'Bakht Rawan', 'GPS Kokrai', '5th', NULL, 2021),
(1862, 'Waqas Ahmad', 'Gulab Sher', 'GPS Kokrai', '5th', NULL, 2021),
(1870, 'Umar Rahman', 'Jehanzeb', 'GPS Kokrai', '5th', NULL, 2021),
(1872, 'AIMAN BIBI', 'BAHADER SHER', 'GPS Kokrai', '5th', NULL, 2021),
(1897, 'Muhammad Aziz Ur Rahman', 'Muhammad younas', 'GPS Kokrai', '5th', NULL, 2021),
(1903, 'Ibrar khan', 'Amin Ur Rahman', 'GPS Kokrai', '5th', NULL, 2021),
(1909, 'AMRA BIBI', 'JAN PARWAIZ', 'GPS Kokrai', '5th', NULL, 2021),
(1912, 'NAZO BIBI', 'HADI KHAN', 'GPS Kokrai', '5th', NULL, 2021),
(1914, 'Asma BiBi', 'Sherin Zada', 'GPS Kokrai', '5th', NULL, 2021),
(1924, 'Muhammad sudais', 'suleman', 'GPS Kokrai', '5th', NULL, 2021),
(1927, 'Adil khan', 'Fazal Hadi', 'GPS Kokrai', '5th', NULL, 2021),
(1944, 'Sardar Hussain', 'Jamroz', 'GPS Kokrai', '5th', NULL, 2021),
(1950, 'LAIBA BIBI', 'FAZAL MAULA', 'GPS Kokrai', '5th', NULL, 2021),
(1954, 'Fahad Ali', 'Shah parweez', 'GPS Kokrai', '5th', NULL, 2021),
(1955, 'Muhammad Amin', 'Haji Nawab', 'GPS Kokrai', '5th', NULL, 2021),
(1956, 'Shahid khan', 'said jalil', 'GPS Kokrai', '5th', NULL, 2021),
(1958, 'ROSHNI KHAN', 'BACHA KHAN', 'GPS Kokrai', '5th', NULL, 2021),
(1959, 'YASMIN BIBI', 'ABDUL WAHID', 'GPS Kokrai', '5th', NULL, 2021),
(1960, 'ASIA BIBI', 'WALI KHAN', 'GPS Kokrai', '5th', NULL, 2021),
(1967, 'San Ullah', 'Sarzamin', 'GPS Kokrai', '5th', NULL, 2021),
(1974, 'Muhammad Ibrar', 'Bakht Zada', 'GPS Kokrai', '5th', NULL, 2021),
(1976, 'Umar Wahid', 'Zahir Shah', 'GPS Kokrai', '5th', NULL, 2021),
(1989, 'HURMAT BIBI', 'AMIR ZADA', 'GPS Kokrai', '5th', NULL, 2021),
(1993, 'SADA BIBI', 'SHAH HUSSAIN', 'GPS Kokrai', '5th', NULL, 2021),
(1994, 'KASHIF KHAN', 'PAINA MAND', 'GPS Kokrai', '5th', NULL, 2021),
(1996, 'Kifayat Ullah', 'Sardar Ali', 'GPS Kokrai', '5th', NULL, 2021),
(1997, 'yousra bibi', 'bakht rawan', 'GPS Kokrai', '5th', NULL, 2021),
(2084, 'Arshad Ali', 'Umar Muhammad', 'GPS Kokrai', '5th', NULL, 2021),
(2130, 'Behram khan', 'Alam Khan', 'GPS Kokrai', '5th', NULL, 2021),
(2145, 'Mujeeb Ur Rahman', 'Gohar Ali', 'GPS Kokrai', '5th', NULL, 2021),
(2156, 'amir zeb', 'AMIR KHAN', 'GPS Kokrai', '5th', NULL, 2021),
(2164, 'MOMIN KHAN', 'ROZI KHAN', 'GPS Kokrai', '5th', NULL, 2021),
(2217, 'SIKANDER HAYAT', 'UMAR HAYAT', 'GPS Kokrai', '5th', NULL, 2021),
(2280, 'MUHAMMAD TAYYAB', 'SHER ALI KHAN', 'GPS Kokrai', '5th', NULL, 2021),
(3303, 'Ihsan Ali', 'Muhammad Ishaq', 'GPS Chitor', '5th', NULL, 2021),
(3425, 'Habiba', 'Akhtar Gul', 'GPS Chitor', '5th', NULL, 2021),
(3426, 'Rukhsar', 'Umar Gul', 'GPS Chitor', '5th', NULL, 2021),
(3451, 'Shakirullah', 'Jehanzar', 'GPS Chitor', '5th', NULL, 2021),
(3452, 'Najibullah', 'Azim Khan', 'GPS Chitor', '5th', NULL, 2021),
(3453, 'Shehzad Khan', 'Amir Noshad', 'GPS Chitor', '5th', NULL, 2021),
(3507, 'Muhammad Suhail', 'Rafiullah', 'GPS Chitor', '5th', NULL, 2021),
(3521, 'Asad Khan', 'Palash Khan', 'GPS Chitor', '5th', NULL, 2021),
(3523, 'Bibi Ayesha', 'Shehzada', 'GPS Chitor', '5th', NULL, 2021),
(3530, 'Hazrat Hussain', 'Bakht Rawan', 'GPS Chitor', '5th', NULL, 2021),
(3531, 'Muneeba', 'Aqal Zaman', 'GPS Chitor', '5th', NULL, 2021),
(3532, 'Madeeha', 'Aqal Zaman', 'GPS Chitor', '5th', NULL, 2021),
(3533, 'Spogmai', 'Shtamand', 'GPS Chitor', '5th', NULL, 2021),
(3535, 'MUHAMMAD ABUABAKAR', 'ASHRAF ALI', 'GPS Chitor', '5th', NULL, 2021),
(3536, 'HAZRAT ALI', 'AKBAR KHAN', 'GPS Chitor', '5th', NULL, 2021),
(3537, 'ISLAMIA', 'SAID WALISHAH', 'GPS Chitor', '5th', NULL, 2021),
(3543, 'ANEESA', 'SAHIB ZADA', 'GPS Chitor', '5th', NULL, 2021),
(3546, 'IHSAN ULLAH', 'UMAR ZADA', 'GPS Chitor', '5th', NULL, 2021),
(3547, 'SUMBAL', 'SAID MUHAMMAD', 'GPS Chitor', '5th', NULL, 2021),
(3552, 'inam ullah', 'UMAR ZADA', 'GPS Chitor', '5th', NULL, 2021),
(3571, 'Asmat Ali', '', 'GPS Chitor', '5th', NULL, 2021),
(3577, 'ABUBAKAR', 'SABA KHAN', 'GPS Chitor', '5th', NULL, 2021),
(3578, 'SHUMAILA', 'UMARA KHAN', 'GPS Chitor', '5th', NULL, 2021),
(3581, 'LUQMAN KHAN', 'LAL MUHAMMAD', 'GPS Chitor', '5th', NULL, 2021),
(3585, 'SHAMAL BIBI', 'MIAN SALIM KHAN', 'GPS Chitor', '5th', NULL, 2021),
(3590, 'AIMAN BIBI', '', 'GPS Chitor', '5th', NULL, 2021),
(3619, 'Anwar Zeb', '', 'GPS Chitor', '5th', NULL, 2021),
(3708, 'HALEEMA', 'FAZAL SUBHAN', 'GPS Chitor', '5th', NULL, 2021),
(3723, 'ZAIN ULLAH', 'RAHMAT ALI', 'GPS Chitor', '5th', NULL, 2021),
(3728, 'ZAMAROOOD', 'ZARAWAR SHAH', 'GPS Chitor', '5th', NULL, 2021),
(3782, 'SHER ALI', '', 'GPS Chitor', '5th', NULL, 2021),
(3783, 'AKHTAR MUHAMMAD', 'YOUSAF KHAN', 'GPS Chitor', '5th', NULL, 2021),
(3848, 'MUHAMMAD KHAN', 'BADO', 'GPS Chitor', '5th', NULL, 2021),
(3854, 'YAHYA KHAN', 'RAHIM ZADA', 'GPS Chitor', '5th', NULL, 2021),
(9810, 'Murtaza Khan', 'Khaisata Rahman', 'GMS Spal Bandai', '8th', NULL, 2021),
(9811, 'Najeeb Ullah', 'Qasim Jan', 'GMS Spal Bandai', '8th', NULL, 2021),
(9812, 'Alam Zeb', 'Khaisata Rahman', 'GMS Spal Bandai', '8th', NULL, 2021),
(9813, 'Abu Bakar Sadiq', 'Sher Baz', 'GMS Spal Bandai', '8th', NULL, 2021),
(9814, 'Anwar Ali', 'Qadar Gul', 'GMS Spal Bandai', '8th', NULL, 2021),
(9815, 'Rahman Ullah', 'Azeem Khan', 'GMS Spal Bandai', '8th', NULL, 2021),
(9816, 'Afzal Inam', 'Bakht Afsar', 'GMS Spal Bandai', '8th', NULL, 2021),
(9817, 'Bakht Amin', 'Ali Haider', 'GMS Spal Bandai', '8th', NULL, 2021),
(9818, 'Amin Ullah', 'Said Jalal', 'GMS Spal Bandai', '8th', NULL, 2021),
(9819, 'Hazrat Ullah', 'Akhtar Ali', 'GMS Spal Bandai', '8th', NULL, 2021),
(9820, 'Aftab Alam', 'Fazal Subhan', 'GMS Spal Bandai', '8th', NULL, 2021),
(9821, 'Khalid Zada', 'Khapiray', 'GMS Spal Bandai', '8th', NULL, 2021),
(9822, 'Javaid Alam', 'Bakht Suban', 'GMS Spal Bandai', '8th', NULL, 2021),
(9823, 'Nisar Ali', 'Alam Khan', 'GMS Spal Bandai', '8th', NULL, 2021),
(9824, 'Sajad Ali', 'SarFaraz Khan', 'GMS Spal Bandai', '8th', NULL, 2021),
(9825, 'Muhammad Ibrahim', 'Muhammad Amal', 'GMS Spal Bandai', '8th', NULL, 2021),
(9826, 'Muhammad Shafi', 'Fazal Rahman', 'GMS Spal Bandai', '8th', NULL, 2021),
(9827, 'Fazal Rashid', 'Bakhtiyar', 'GMS Spal Bandai', '8th', NULL, 2021),
(9828, 'Muhammad Azeeb', 'Bakht Zaman', 'GMS Spal Bandai', '8th', NULL, 2021),
(9829, 'Inam Ullah', 'Bakht Zad', 'GMS Spal Bandai', '8th', NULL, 2021),
(9830, 'Waheed llah', 'Rahimdad Khan', 'GMS Spal Bandai', '8th', NULL, 2021),
(9831, 'Inam Ullah', 'Sher Muhammad Khan', 'GMS Spal Bandai', '8th', NULL, 2021),
(9832, 'Rahmat Ali', 'Akhtar Ali', 'GMS Spal Bandai', '8th', NULL, 2021),
(9833, 'Muhammad Islam', 'Sargand', 'GMS Spal Bandai', '8th', NULL, 2021),
(9834, 'Abdullah', 'Qayum Khan', 'GMS Spal Bandai', '8th', NULL, 2021),
(9835, 'Tahir Khan', 'Bakh Zada', 'GMS Spal Bandai', '8th', NULL, 2021),
(9836, 'Yar Hussain', 'Sher Zada', 'GMS Spal Bandai', '8th', NULL, 2021),
(9837, 'Rahmat Ullah', 'Alam zeb', 'GMS Spal Bandai', '8th', NULL, 2021),
(9838, 'Abu Bakar Sadiq', 'Alam gul', 'GMS Spal Bandai', '8th', NULL, 2021),
(9839, 'Najeeb Ullah', 'Lal Hussain', 'GMS Spal Bandai', '8th', NULL, 2021),
(9840, 'Muhammad Musa', 'Nadar Khan', 'GMS Spal Bandai', '8th', NULL, 2021),
(9841, 'Anas Khan', 'Fazal Wahid', 'GMS Spal Bandai', '8th', NULL, 2021),
(9842, 'Muhammad Waqas', 'Dawood Khan', 'GMS Spal Bandai', '8th', NULL, 2021),
(9843, 'Muhammad Mubeen', 'Said Ali Khan', 'GMS Spal Bandai', '8th', NULL, 2021),
(9844, 'Hamza Khan', 'Bakht Rahman', 'GMS Spal Bandai', '8th', NULL, 2021),
(9845, 'Sadiq Zada', 'Nawab Zada', 'GMS Spal Bandai', '8th', NULL, 2021),
(9846, 'Ibrahim Khan', 'Muhammad Said Khan', 'GMS Spal Bandai', '8th', NULL, 2021),
(9847, 'Fazal Khan', 'Fayoo Khan', 'GMS Spal Bandai', '8th', NULL, 2021),
(9848, 'Muhammad Maaz Khan', 'Shah Rasool Khan', 'GMS Spal Bandai', '8th', NULL, 2021),
(9849, 'Muhammad Faizan', 'Aftab Hussain', 'GMS Spal Bandai', '8th', NULL, 2021),
(9850, 'Muhammad Mustafa', 'Ali Rahman', 'GMS Spal Bandai', '8th', NULL, 2021),
(9851, 'Shafiq Khan', 'Zayrat Gul', 'GMS Spal Bandai', '8th', NULL, 2021),
(9852, 'Amir Alam', 'Alam Sheer', 'GMS Spal Bandai', '8th', NULL, 2021),
(9853, 'Samiullah', 'Bacha Khan', 'GMS Spal Bandai', '8th', NULL, 2021),
(9854, 'Hamid ur Rahman', 'Taj Amin Khan', 'GMS Spal Bandai', '8th', NULL, 2021),
(9855, 'Umar Rahman', 'Bakht Rahman', 'GMS Spal Bandai', '8th', NULL, 2021),
(9856, 'Usman Ali', 'Khan Badshah', 'GMS Spal Bandai', '8th', NULL, 2021),
(9857, 'Shafiullah', 'Sheakh', 'GMS Spal Bandai', '8th', NULL, 2021),
(9858, 'Anwar Khan', 'Gul Khan', 'GMS Spal Bandai', '8th', NULL, 2021),
(9859, 'Mohammad Aziz Ullah', 'Hassan Nawab', 'GMS Spal Bandai', '8th', NULL, 2021),
(9860, 'Farooq Hassan ', 'Zafar Ali', 'GMS Spal Bandai', '8th', NULL, 2021),
(9861, 'Samiullah', 'Khan Sadber', 'GMS Spal Bandai', '8th', NULL, 2021),
(9862, 'Zia Ullah Khan', 'Zaid Ali Khan', 'GMS Spal Bandai', '8th', NULL, 2021),
(9863, 'Habib Ullah', 'Jan Zer', 'GMS Spal Bandai', '8th', NULL, 2021),
(9864, 'Alam Khan', 'Khalid', 'GMS Spal Bandai', '8th', NULL, 2021),
(9865, 'Imrasn Khan', 'Amir Afzal', 'GMS Spal Bandai', '8th', NULL, 2021),
(9866, 'Asmat ullah', 'Hazir Gul', 'GMS Spal Bandai', '8th', NULL, 2021),
(9867, 'Akber Ali', 'Anwar Ali', 'GMS Spal Bandai', '8th', NULL, 2021),
(9910, 'Asadullah', 'Said Muhammad', 'GMS Marghazar', '8th', NULL, 2021),
(9911, 'Anwar Shah', 'Muhammad Alam', 'GMS Marghazar', '8th', NULL, 2021),
(9912, 'Ubaidullah', 'Hakim Khan', 'GMS Marghazar', '8th', NULL, 2021),
(9913, 'Hasnain Khan', 'Muhammad Niaz', 'GMS Marghazar', '8th', NULL, 2021),
(9914, 'Muhammad Sohail', 'Khurshid', 'GMS Marghazar', '8th', NULL, 2021),
(9915, 'Jawad Ali', 'Habib khan', 'GMS Marghazar', '8th', NULL, 2021),
(9916, 'Muhammad Abdullah', 'Zar Shad Khan', 'GMS Marghazar', '8th', NULL, 2021),
(9917, 'Muhammad Hazarat Bilal', 'Fazal Subhan', 'GMS Marghazar', '8th', NULL, 2021),
(9918, 'Irfanullah', 'Muhammad Ali', 'GMS Marghazar', '8th', NULL, 2021),
(9919, 'Gohar Khan', 'Abdur Rauf', 'GMS Marghazar', '8th', NULL, 2021),
(9920, 'Qasimullah', 'Samiullah', 'GMS Marghazar', '8th', NULL, 2021),
(9921, 'Adnan Khan', 'Umar Sherin', 'GMS Marghazar', '8th', NULL, 2021),
(9922, 'Rahimullah', 'Gul Nosher', 'GMS Marghazar', '8th', NULL, 2021),
(9923, 'Muhammad Adnan', 'Yousaf Khan', 'GMS Marghazar', '8th', NULL, 2021),
(9924, 'Umar Raziq', 'Fazal Rahman', 'GMS Marghazar', '8th', NULL, 2021),
(9925, 'Najibullah', 'Sher Zada', 'GMS Marghazar', '8th', NULL, 2021),
(9926, 'Muhammad Muzamil', 'Shamsher Ali', 'GMS Marghazar', '8th', NULL, 2021),
(9927, 'Attaullah', 'Mujaheed', 'GMS Marghazar', '8th', NULL, 2021),
(9928, 'Aleemullah', 'Ismail', 'GMS Marghazar', '8th', NULL, 2021),
(9929, 'Kashif Khan', 'Ahmad Zeb', 'GMS Marghazar', '8th', NULL, 2021),
(9930, 'Sir Said', 'Farooq', 'GMS Marghazar', '8th', NULL, 2021),
(9931, 'Razaullah', 'Hazrat Sher', 'GMS Marghazar', '8th', NULL, 2021),
(9932, 'Hamidullah', 'Umar Zeb', 'GMS Marghazar', '8th', NULL, 2021),
(9933, 'Muhamad Numan', 'Bakht Amin', 'GMS Marghazar', '8th', NULL, 2021),
(9934, 'Muhammad Zeeshan', 'Amir Zeb', 'GMS Marghazar', '8th', NULL, 2021);

--
-- Constraints for dumped tables
--

--
-- Constraints for table `marks`
--
ALTER TABLE `marks`
  ADD CONSTRAINT `forkey` FOREIGN KEY (`Roll_No`) REFERENCES `students_info` (`Roll_No`);
COMMIT;

/*!40101 SET CHARACTER_SET_CLIENT=@OLD_CHARACTER_SET_CLIENT */;
/*!40101 SET CHARACTER_SET_RESULTS=@OLD_CHARACTER_SET_RESULTS */;
/*!40101 SET COLLATION_CONNECTION=@OLD_COLLATION_CONNECTION */;
